"13:43 20 AugustAI technology keeps 6,000 deer from rail routes,published at13:43 20 AugustAI technology keeps 6,000 deer from rail routes"
"00:32 18 AugustThe far-right videos distorting the truth of Bangladesh minority attacks,published at00:32 18 AugustThe far-right videos distorting the truth of Bangladesh minority attacks"
"21:28 22 AugustStudio pulls Megalopolis trailer over fake quotes,published at21:28 22 AugustStudio pulls Megalopolis trailer over fake quotes"
"07:44 21 AugustMilitary testing hangar to be built at MoD site,published at07:44 21 AugustMilitary testing hangar to be built at MoD site"
"13:48 22 AugustHospitals keep AI technology after cancer trial,published at13:48 22 AugustHospitals keep AI technology after cancer trial"
"19:29 17 AugustX suspends business in Brazil over censorship row,published at19:29 17 AugustX suspends business in Brazil over censorship row"
"16:52 20 AugustCould this little robot help rehabilitate stroke patients? Video, 00:00:58,published at16:52 20 AugustCould this little robot help rehabilitate stroke patients?"
"10:28 17 AugustSecond attempt to freeze competition law for deal,published at10:28 17 AugustSecond attempt to freeze competition law for deal"
"09:22 21 AugustSeven things we learned from Gamescom opening night,published at09:22 21 AugustSeven things we learned from Gamescom opening night"
"13:07 19 AugustTinashe's Nasty named TikTok's song of the summer,published at13:07 19 AugustTinashe's Nasty named TikTok's song of the summer"
"17:59 22 AugustAndrew Tate put under house arrest as new charges emerge,published at17:59 22 AugustAndrew Tate put under house arrest as new charges emerge"
"06:48 20 AugustNew musical from creators of Six: This show is for us,published at06:48 20 AugustNew musical from creators of Six: This show is for us"
"00:02 20 AugustThe mind-bending mirrors behind advanced technology,published at00:02 20 AugustThe mind-bending mirrors behind advanced technology"
"18:52 22 AugustTributes paid to 'UK's greatest tech entrepreneur',published at18:52 22 AugustTributes paid to 'UK's greatest tech entrepreneur'"
"22:07 20 AugustLondon through the ages inspires Civilization VII,published at22:07 20 AugustLondon through the ages inspires Civilization VII"
"02:02 20 AugustDrone swarms could stop wildfires, researchers say,published at02:02 20 AugustDrone swarms could stop wildfires, researchers say"
Features & Analysis
Latest News
"03:03 21 AugustChatGPT firm OpenAI strikes deal with Vogue owner,published at03:03 21 AugustChatGPT firm OpenAI strikes deal with Vogue owner"
"19:41 20 AugustDisney drops bid to stop allergy death lawsuit over Disney+ terms,published at19:41 20 AugustDisney drops bid to stop allergy death lawsuit over Disney+ terms"
Watch/Listen
"21:52 21 AugustAndrew Tate held overnight after police raid homes in Romania,published at21:52 21 AugustAndrew Tate held overnight after police raid homes in Romania"
"00:05When vets are scarce what can farmers do?,published at00:05When vets are scarce what can farmers do?"
"19:33 17 AugustKSI and the Sidemen among UK's richest gamers,published at19:33 17 AugustKSI and the Sidemen among UK's richest gamers"
"10:22 22 AugustDad hacks database to fake death and avoid child support pay,published at10:22 22 AugustDad hacks database to fake death and avoid child support pay"
"15:58 20 AugustSinger Chappell Roan calls out fans' 'creepy behaviour',published at15:58 20 AugustSinger Chappell Roan calls out fans' 'creepy behaviour'"
"06:23 21 AugustResearch finds drones can deliver blood safely,published at06:23 21 AugustResearch finds drones can deliver blood safely"
